[{"pos_x": 119.38, "pos_y": -101.6, "rotation": 0.0, "side": "top", "designator": "S1", "mpn": null, "pack": "vl6180_module", "value": "~", "mount_type": "tht", "place": true}, {"pos_x": 94.615, "pos_y": -72.39, "rotation": 0.0, "side": "top", "designator": "D1", "mpn": null, "pack": "Arduino_pro_mini", "value": "~", "mount_type": "tht", "place": true}, {"pos_x": 87.05, "pos_y": -111.125, "rotation": 180.0, "side": "top", "designator": "R1", "mpn": null, "pack": "R_Box_L13.0mm_W4.0mm_P9.00mm", "value": "R", "mount_type": "tht", "place": true}, {"pos_x": 159.385, "pos_y": -64.77, "rotation": 0.0, "side": "top", "designator": "D2", "mpn": null, "pack": "Relay_module", "value": "~", "mount_type": "tht", "place": true}, {"pos_x": 66.0, "pos_y": -47.0325, "rotation": -90.0, "side": "top", "designator": "PS1", "mpn": null, "pack": "Converter_ACDC_HiLink_HLK-PMxx", "value": "HLK-PM01", "mount_type": "tht", "place": true}, {"pos_x": 63.5, "pos_y": -86.36, "rotation": 0.0, "side": "top", "designator": "U2", "mpn": null, "pack": "Pin_3x5.0mm", "value": "AMS1117_module", "mount_type": "tht", "place": true}, {"pos_x": 59.69, "pos_y": -113.03, "rotation": 90.0, "side": "top", "designator": "esp1", "mpn": null, "pack": "ESP01_breakout", "value": "~", "mount_type": "tht", "place": true}, {"pos_x": 87.05, "pos_y": -117.475, "rotation": 180.0, "side": "top", "designator": "R2", "mpn": null, "pack": "R_Box_L13.0mm_W4.0mm_P9.00mm", "value": "R", "mount_type": "tht", "place": true}]